<PAMDataset>
  <Metadata>
    <MDI key="PCRASTER_VALUESCALE">VS_SCALAR</MDI>
  </Metadata>
  <PAMRasterBand band="1">
    <Histograms>
      <HistItem>
        <HistMin>0</HistMin>
        <HistMax>25</HistMax>
        <BucketCount>256</BucketCount>
        <IncludeOutOfRange>1</IncludeOutOfRange>
        <Approximate>0</Approximate>
        <HistCounts>1680|541|0|177|0|187|310|0|559|0|1657|0|2002|1968|0|1925|0|805|0|390|1041|393|130|0|45|526|21|12|0|583|1058|0|0|0|486|0|0|0|231|0|1086|0|389|0|0|0|0|36|0|0|0|1024|0|0|0|0|0|0|0|0|0|1391|0|0|0|0|0|0|0|0|0|1577|0|0|0|0|0|0|0|0|0|1223|0|0|0|0|0|0|0|0|0|1493|0|0|0|0|0|0|0|0|0|0|1863|0|0|0|0|0|0|0|0|0|785|0|0|0|0|0|0|0|0|0|720|0|0|0|0|0|0|0|0|0|550|0|0|0|0|0|0|0|0|0|560|0|0|0|0|0|0|0|0|0|0|426|0|0|0|0|0|0|0|0|0|308|0|0|0|0|0|0|0|0|0|273|0|0|0|0|0|0|0|0|0|173|0|0|0|0|0|0|0|0|0|139|0|0|0|0|0|0|0|0|0|0|76|0|0|0|0|0|0|0|0|0|0|0|0|0|0|0|0|0|0|0|0|0|0|0|0|0|0|0|0|0|0|0|0|0|0|0|0|0|0|0|0|0|0|0|0|0|0|0|0|0|147|0</HistCounts>
      </HistItem>
    </Histograms>
    <Metadata>
      <MDI key="STATISTICS_MINIMUM">0</MDI>
      <MDI key="STATISTICS_MAXIMUM">25</MDI>
      <MDI key="STATISTICS_MEAN">5.0540424927526</MDI>
      <MDI key="STATISTICS_STDDEV">4.777273310594</MDI>
      <MDI key="STATISTICS_COVARIANCES">22.8223402841138</MDI>
    </Metadata>
  </PAMRasterBand>
</PAMDataset>
